{
   "displayName":"Hazelcast",
   "name":"hazelcast",
   "description":"In-memory data grid Caching",
   "parentServiceId":"48",
   "costPerHour":"0.00",
   "bundleLocation":"%REPO_ID_2%services/hazelcast.zip",
   "systemService":false,
   "serviceType":"VM_AGENT",
   "logoPath":"custom/assets/img/serviceLogo/31ad244a-89b5-4336-9395-b992dcaf0bb6.png",
   "serviceActions":[
      {
         "actionName":"START",
         "actionType":"SCRIPT",
         "actionValue":"service start",
         "value":"service start",
         "key":"START"
      }
   ],
   "externalBundleLocation":null,
   "externalActions":[

   ],
   "actions":[

   ],
   "serviceParamSpecs":[
      {
         "paramName":"numClusterNodes",
         "displayName":"Number of Nodes in the Cluster",
         "helpText":"Number of Nodes in the Cluster",
         "type":"number",
         "valueConstraint":{
            "minValue":"0",
            "maxValue":"999999"
         },
         "valueList":null,
         "collectionList":null,
         "defaultValue":"",
         "secret":null,
         "confirmValue":null,
         "pathSuffixValue":null,
         "userVisible":true,
         "userEditable":true,
         "optional":false,
         "multiselectSupported":false,
         "webserviceListParams":null,
         "systemParam":true
      },
      {
         "paramName":"maxClusterSize",
         "displayName":"Maximum Number of Nodes",
         "helpText":"Maximum Number of Nodes",
         "type":"number",
         "valueConstraint":{
            "minValue":"0",
            "maxValue":"999999"
         },
         "valueList":null,
         "collectionList":null,
         "defaultValue":"3",
         "secret":null,
         "confirmValue":null,
         "pathSuffixValue":null,
         "userVisible":true,
         "userEditable":true,
         "optional":false,
         "multiselectSupported":false,
         "webserviceListParams":null,
         "systemParam":true
      },
      {
         "paramName":"minClusterSize",
         "displayName":"Minimum Number of Nodes",
         "helpText":"Minimum Number of Nodes",
         "type":"number",
         "valueConstraint":{
            "minValue":"0",
            "maxValue":"999999"
         },
         "valueList":null,
         "collectionList":null,
         "defaultValue":"2",
         "secret":null,
         "confirmValue":null,
         "pathSuffixValue":null,
         "userVisible":true,
         "userEditable":true,
         "optional":false,
         "multiselectSupported":false,
         "webserviceListParams":null,
         "systemParam":true
      }
   ],
   "servicePorts":[
      {
         "fromPort":"5701",
         "toPort":"5740",
         "protocol":"TCP",
         "id":"82"
      },
      {
         "fromPort":"80",
         "toPort":"80",
         "protocol":"TCP",
         "id":"83"
      },
      {
         "fromPort":"443",
         "toPort":"443",
         "protocol":"TCP",
         "id":"84"
      }
   ],
   "images":[
      {
         "id":"21"
      },
      {
         "id":"26"
      }
   ],
   "defaultImageId":"21",
   "containerImages":[

   ],
   "containerPorts":[

   ],
   "repositories":[
      {
         "id":"2"
      }
   ],
   "id":75
}