{  
   "displayName":"terraform",
   "name":"terraformvpc",
   "description":"creating vpc through terraform",
   "parentServiceId":"48",
   "costPerHour":"0.00",
   "bundleLocation":"",
   "systemService":false,
   "serviceType":"EXTERNAL",
   "logoPath":"custom/assets/img/serviceLogo/ac1d12fe-b527-4b60-ab1e-52953233b14d.png",
   "serviceActions":[  

   ],
   "externalBundleLocation":"services/terraform.zip",
   "externalActions":[  
      {  
         "actionName":"START",
         "actionType":"SCRIPT",
         "actionValue":"service start",
         "value":"service start",
         "key":"START"
      },
      {  
         "actionName":"STOP",
         "actionType":"SCRIPT",
         "actionValue":"service stop",
         "value":"service stop",
         "key":"STOP"
      }
   ],
   "actions":[  

   ],
   "serviceParamSpecs":[  
      {  
         "paramName":"Terraform_congif_file",
         "displayName":"Terraform configuration file",
         "helpText":"Terraform configuration file for VPC creation",
         "type":"path",
         "valueConstraint":{  
            "maxLength":255,
            "allowSpaces":true,
            "remainingChars":255
         },
         "valueList":null,
         "collectionList":null,
         "defaultValue":"",
         "secret":null,
         "confirmValue":null,
         "pathSuffixValue":"",
         "userVisible":true,
         "userEditable":true,
         "optional":false,
         "multiselectSupported":false,
         "webserviceListParams":null,
         "systemParam":true
      }
   ],
   "servicePorts":[  

   ],
   "images":[  

   ],
   "defaultImageId":"",
   "containerImages":[  

   ],
   "containerPorts":[  

   ],
   "repositories":[]
}