{
	"displayName": "AzureDNS",
	"name": "azuredns",
	"description": "Azure DNS Zone",
	"parentServiceId": "48",
	"costPerHour": "0.00",
	"bundleLocation": "",
	"systemService": false,
	"serviceType": "EXTERNAL",
	"logoPath": "custom/assets/img/serviceLogo/89aff4cc-6526-4995-b92c-dfadb8eece85.png",
	"serviceActions": [],
	"externalBundleLocation": "services/Azure_dns_zones.zip",
	"externalActions": [{
		"actionName": "START",
		"actionType": "SCRIPT",
		"actionValue": "service start",
		"value": "service start",
		"key": "START"
	}, {
		"actionName": "STOP",
		"actionType": "URL",
		"actionValue": "%REPO_ID_9%service stop",
		"value": "%REPO_ID_9%service stop",
		"key": "STOP"
	}],
	"actions": [],
	"serviceParamSpecs": [{
		"paramName": "DomainName",
		"displayName": "DomainName",
		"helpText": "Existing DomainName in your Azure account",
		"type": "string",
		"valueConstraint": {
			"maxLength": 255,
			"allowSpaces": true,
			"remainingChars": 255
		},
		"valueList": null,
		"collectionList": null,
		"defaultValue": "",
		"secret": null,
		"confirmValue": null,
		"pathSuffixValue": null,
		"userVisible": true,
		"userEditable": true,
		"optional": false,
		"multiselectSupported": false,
		"webserviceListParams": null,
		"systemParam": false,
		"deploymentParam": true
	}, {
		"paramName": "SubdomainName",
		"displayName": "SubdomainName",
		"helpText": "Subdomain Name of accessing your application",
		"type": "string",
		"valueConstraint": {
			"maxLength": 255,
			"allowSpaces": true,
			"remainingChars": 255
		},
		"valueList": null,
		"collectionList": null,
		"defaultValue": "",
		"secret": null,
		"confirmValue": null,
		"pathSuffixValue": null,
		"userVisible": true,
		"userEditable": true,
		"optional": false,
		"multiselectSupported": false,
		"webserviceListParams": null,
		"systemParam": false,
		"deploymentParam": true
	}, {
		"paramName": "IpAddress",
		"displayName": "IpAddress",
		"helpText": "Ipaddress of your web application ",
		"type": "string",
		"valueConstraint": {
			"maxLength": 255,
			"allowSpaces": true,
			"remainingChars": 255
		},
		"valueList": null,
		"collectionList": null,
		"defaultValue": "",
		"secret": null,
		"confirmValue": null,
		"pathSuffixValue": null,
		"userVisible": true,
		"userEditable": true,
		"optional": true,
		"multiselectSupported": false,
		"webserviceListParams": null,
		"systemParam": false,
		"deploymentParam": true
	}],
	"servicePorts": [],
	"images": [],
	"defaultImageId": "",
	"containerImages": [],
	"containerPorts": [],
	"repositories": []
}