{
	"displayName": "Grafana",
	"name": "grafana",
	"description": "it's is a monitoring tool",
	"parentServiceId": "48",
	"costPerHour": "0.00",
	"bundleLocation": "%REPO_ID_2%services/grafana.zip",
	"systemService": false,
	"serviceType": "VM_AGENT",
	"logoPath": "custom/assets/img/serviceLogo/bdd4aa26-432d-4af8-877d-33fd23559e9e.png",
	"serviceActions": [{
		"actionName": "INSTALL",
		"actionType": "SCRIPT",
		"actionValue": "service install",
		"value": "service install",
		"key": "INSTALL"
	}, {
		"actionName": "CONFIGURE",
		"actionType": "SCRIPT",
		"actionValue": "service configure",
		"value": "service configure",
		"key": "CONFIGURE"
	}],
	"externalBundleLocation": "",
	"externalActions": [],
	"actions": [],
	"serviceParamSpecs": [],
	"servicePorts": [{
		"fromPort": "3000",
		"toPort": "3000",
		"protocol": "TCP",
		"id": "79"
	}],
	"images": [{
		"id": "21"
	}, {
		"id": "26"
	}],
	"defaultImageId": "21",
	"containerImages": [],
	"containerPorts": [],
	"repositories": []
}