{
	"displayName": "Grafana",
	"name": "grafana",
	"description": "Logging tool",
	"parentServiceId": "48",
	"costPerHour": "0.00",
	"bundleLocation": "services/grafana.zip",
	"systemService": false,
	"serviceType": "VM_AGENT",
	"logoPath": "null",
	"serviceActions": [{
		"actionName": "INSTALL",
		"actionType": "SCRIPT",
		"actionValue": "service install",
		"value": "service install",
		"key": "INSTALL"
	}, {
		"actionName": "CONFIGURE",
		"actionType": "SCRIPT",
		"actionValue": "service configure",
		"value": "service configure",
		"key": "CONFIGURE"
	}],
	"externalBundleLocation": "null",
	"externalActions": [],
	"actions": [],
	"serviceParamSpecs": [],
	"servicePorts": [{
		"fromPort": "3000",
		"toPort": "3000",
		"protocol": "TCP"
		
	}],
	"images": [{
		"id": "21"
	}, {
		"id": "26"
	}],
	"defaultImageId": "21",
	"containerImages": [],
	"containerPorts": [],
	"repositories": []
	
}